C1=CC(=NC(=C1)N)C(F)(F)F,Coordinates from ORCA-job ewa_inp/doublemontecarlogen3D101
C1=CC(=NC(=C1)N)C(F)(F)F,Coordinates from ORCA-job ewa_inp/doublemontecarlogen3D102
C1=CC(=NC(=C1)N)C(F)(F)F,Coordinates from ORCA-job ewa_inp/doublemontecarlogen3D103
CCN(CC)S(F)(F)F,Coordinates from ORCA-job ewa_inp/doublemontecarlogen3D10
CN([CH2])[C](N([CH2])C)Cl.FP(F)(F)(F)F.[F],Coordinates from ORCA-job ewa_inp/doublemontecarlogen3D125
C1C=C(C(=C(C=1)C(F)(F)F)Cl)C=O,Coordinates from ORCA-job ewa_inp/doublemontecarlogen3D126
C[C@H](C1C=C(C=C(C=1)C(F)(F)F)C(F)(F)F)O,Coordinates from ORCA-job ewa_inp/doublemontecarlogen3D12
C1=CC(=C(C=C1C(F)(F)F)C(=O)O)Cl,Coordinates from ORCA-job ewa_inp/doublemontecarlogen3D134
C1=CC(=C(C=C1C(F)(F)F)O)Cl,Coordinates from ORCA-job ewa_inp/doublemontecarlogen3D135
C1=CC(=C(C=C1C(F)(F)F)O)Cl,Coordinates from ORCA-job ewa_inp/doublemontecarlogen3D136
C1=CC(=C(C=C1C(F)(F)F)O)Cl,Coordinates from ORCA-job ewa_inp/doublemontecarlogen3D137
C1=CC(=C(C=C1C(F)(F)F)N=C=S)Cl,Coordinates from ORCA-job ewa_inp/doublemontecarlogen3D138
C1=C(C(=CC(=C1S(=O)(=O)Cl)F)Cl)C(=O)O,Coordinates from ORCA-job ewa_inp/doublemontecarlogen3D139
C1=CC(=C(C=C1F)C(F)(F)F)Cl,Coordinates from ORCA-job ewa_inp/doublemontecarlogen3D140
C1=C(C(=NC=C1F)Cl)C(=O)O,Coordinates from ORCA-job ewa_inp/doublemontecarlogen3D141
C1=CC(=C(C=C1F)O)Cl,Coordinates from ORCA-job ewa_inp/doublemontecarlogen3D142
CC1C(=CC=C(C=1)F)Cl,Coordinates from ORCA-job ewa_inp/doublemontecarlogen3D143
C1=C(C(=NC=C1C(F)(F)F)Cl)C(=O)O,Coordinates from ORCA-job ewa_inp/doublemontecarlogen3D144
C1C=C(C(=C(C=1)Cl)C=O)OC(F)F,Coordinates from ORCA-job ewa_inp/doublemontecarlogen3D145
CC1=C(C(=C(C=C1)F)C(=O)O)Cl,Coordinates from ORCA-job ewa_inp/doublemontecarlogen3D146
C1C=C(C(=C(C=1)Cl)C(=O)O)F,Coordinates from ORCA-job ewa_inp/doublemontecarlogen3D147
C1C=C(C(=C(C=1)Cl)CCl)F,Coordinates from ORCA-job ewa_inp/doublemontecarlogen3D148
C1=CC(=C(C(=C1)Cl)CC(=O)O)F,Coordinates from ORCA-job ewa_inp/doublemontecarlogen3D149
C1CNC[C@H]1F.Cl,Coordinates from ORCA-job ewa_inp/doublemontecarlogen3D14
C1=CC(=C(C(=C1)C(F)(F)F)F)C(=O)O,Coordinates from ORCA-job ewa_inp/doublemontecarlogen3D150
COC1=CC=CC(=C1F)C=O,Coordinates from ORCA-job ewa_inp/doublemontecarlogen3D151
C1=CC(=C(C=C1C(F)(F)F)F)C(=O)O,Coordinates from ORCA-job ewa_inp/doublemontecarlogen3D152
COC1=CC(=C(C=C1)N)F,Coordinates from ORCA-job ewa_inp/doublemontecarlogen3D153
CC1=CC(=NC=C1)F,Coordinates from ORCA-job ewa_inp/doublemontecarlogen3D154
CC1=CC(=NC=C1)F,Coordinates from ORCA-job ewa_inp/doublemontecarlogen3D155
C1=CC(=C(C=C1N(=O)=O)F)C(=O)O,Coordinates from ORCA-job ewa_inp/doublemontecarlogen3D156
C1C=NC(=CC=1C(=O)O)F,Coordinates from ORCA-job ewa_inp/doublemontecarlogen3D157
C1=CC(=C(C=C1C(F)(F)F)C(=O)O)F,Coordinates from ORCA-job ewa_inp/doublemontecarlogen3D158
C1C=C(C(=CC=1C(F)(F)F)N=C=S)F,Coordinates from ORCA-job ewa_inp/doublemontecarlogen3D159
C1CC1C#C[C@](C1=C(C=CC(=C1)Cl)N)(C(F)(F)F)O,Coordinates from ORCA-job ewa_inp/doublemontecarlogen3D15
C1C=C(C(=CC=1C(F)(F)F)N=C=S)F,Coordinates from ORCA-job ewa_inp/doublemontecarlogen3D160
C1C=C(C(=CC=1O)C(=O)O)F,Coordinates from ORCA-job ewa_inp/doublemontecarlogen3D161
C1=CC(=NC=C1CO)F,Coordinates from ORCA-job ewa_inp/doublemontecarlogen3D162
CC1=CC(=C(C=C1)F)C(=O)O,Coordinates from ORCA-job ewa_inp/doublemontecarlogen3D165
CC1=CC(=C(C=C1)F)C(=O)O,Coordinates from ORCA-job ewa_inp/doublemontecarlogen3D166
CC1=CC(=C(C=C1)F)C(=O)O,Coordinates from ORCA-job ewa_inp/doublemontecarlogen3D167
CC1=CC(=C(C=C1)F)C(=O)O,Coordinates from ORCA-job ewa_inp/doublemontecarlogen3D168
CC1C=NC(=CC=1)F,Coordinates from ORCA-job ewa_inp/doublemontecarlogen3D169
C1CC1C#C[C@](C1=C(C=CC(=C1)Cl)N)(C(F)(F)F)O,Coordinates from ORCA-job ewa_inp/doublemontecarlogen3D16
C1=CC(=C(C=C1N(=O)=O)C(=O)O)F,Coordinates from ORCA-job leia_inp/doublemontecarlogen3D170
C1=CC(=C(C=C1N(=O)=O)C(=O)O)F,Coordinates from ORCA-job leia_inp/doublemontecarlogen3D171
C1C=C(C(=CC=1N(=O)=O)C(=O)O)F,Coordinates from ORCA-job ewa_inp/doublemontecarlogen3D172
C1C=C(N=CC=1C(=O)O)F,Coordinates from ORCA-job leia_inp/doublemontecarlogen3D173
C1C=C(C(=C(C=1)F)C(=O)O)C(F)(F)F,Coordinates from ORCA-job leia_inp/doublemontecarlogen3D174
C1=CC(=NC(=C1)F)C(F)(F)F,Coordinates from ORCA-job leia_inp/doublemontecarlogen3D175
COC1N=C(C=CC=1)F,Coordinates from ORCA-job leia_inp/doublemontecarlogen3D176
CC1=NC(=CC=C1)F,Coordinates from ORCA-job leia_inp/doublemontecarlogen3D177
C1=CC(=NC(=C1)F)C(=O)O,Coordinates from ORCA-job leia_inp/doublemontecarlogen3D178
C1=CC(=NC(=C1)F)C(=O)O,Coordinates from ORCA-job leia_inp/doublemontecarlogen3D179
CO[C@@](C1=CC=CC=C1)(C(=O)O)C(F)(F)F,Coordinates from ORCA-job ewa_inp/doublemontecarlogen3D17
C1=CC(=NC(=C1)F)C(F)(F)F,Coordinates from ORCA-job leia_inp/doublemontecarlogen3D180
C1=CC(=NC(=C1)F)C(F)(F)F,Coordinates from ORCA-job leia_inp/doublemontecarlogen3D181
C[C@@H](C1C=C(C(=CC=1)C1=CC=CC=C1)F)C(=O)O,Coordinates from ORCA-job leia_inp/doublemontecarlogen3D182
C1=CC=C(C(=C1)N)F,Coordinates from ORCA-job leia_inp/doublemontecarlogen3D183
C1C=CC(=C(C=1)C=O)F,Coordinates from ORCA-job leia_inp/doublemontecarlogen3D184
C1C=CC(=C(C=1)C(=O)O)F,Coordinates from ORCA-job leia_inp/doublemontecarlogen3D185
C1C=CC(=C(C=1)C(=O)O)F,Coordinates from ORCA-job leia_inp/doublemontecarlogen3D186
C1C=CC(=C(C=1)C(=O)O)F,Coordinates from ORCA-job leia_inp/doublemontecarlogen3D187
C1C=CC(=C(C=1)C(=O)Cl)F,Coordinates from ORCA-job leia_inp/doublemontecarlogen3D188
CC(=O)N[C@@H](CC1=CC=C(C=C1)F)C(=O)O,Coordinates from ORCA-job leia_inp/doublemontecarlogen3D18
C1C=CC(=C(C=1)/C=C/C(=O)O)F,Coordinates from ORCA-job leia_inp/doublemontecarlogen3D190
C1C=C(C(=NC=1)F)C(=O)O,Coordinates from ORCA-job leia_inp/doublemontecarlogen3D191
C1C=C(C(=NC=1)F)C(=O)O,Coordinates from ORCA-job leia_inp/doublemontecarlogen3D192
B(C1C=CC=CC=1F)(O)O,Coordinates from ORCA-job leia_inp/doublemontecarlogen3D193
C1=CC=C(C(=C1)NN)F.Cl,Coordinates from ORCA-job leia_inp/doublemontecarlogen3D194
C1=CC=C(C(=C1)CC(=O)O)F,Coordinates from ORCA-job leia_inp/doublemontecarlogen3D195
C1C=CN=C(C=1)F,Coordinates from ORCA-job leia_inp/doublemontecarlogen3D196
C1=CC(=C(C=C1C(F)(F)F)O)C(=O)O,Coordinates from ORCA-job leia_inp/doublemontecarlogen3D197
C1=CC(=C(C=C1C(F)(F)F)O)C(=O)O,Coordinates from ORCA-job leia_inp/doublemontecarlogen3D198
C1C=C(C(=CC=1OC(F)(F)F)C(=O)O)O,Coordinates from ORCA-job leia_inp/doublemontecarlogen3D199
C[Si](C)(C)C(F)(F)F,Coordinates from ORCA-job leia_inp/doublemontecarlogen3D19
C1=CC=C(C(=C1)NC(=S)N)F,Coordinates from ORCA-job ewa_inp/doublemontecarlogen3D1
C1=C(C(=O)NC(=C1)C(F)(F)F)C(=O)O,Coordinates from ORCA-job leia_inp/doublemontecarlogen3D200
C1=C(C(=O)NC(=C1)C(F)(F)F)C(=O)O,Coordinates from ORCA-job leia_inp/doublemontecarlogen3D201
C1=CC=C(C(=C1)C(F)(F)F)O,Coordinates from ORCA-job leia_inp/doublemontecarlogen3D202
COC1C(=CC(=CC=1)C(F)(F)F)N,Coordinates from ORCA-job leia_inp/doublemontecarlogen3D203
CC1=NC(C(=O)O)=C(O1)C(F)(F)F,Coordinates from ORCA-job leia_inp/doublemontecarlogen3D204
C1=CC(=NC=C1Cl)N(S(=O)(=O)C(F)(F)F)S(=O)(=O)C(F)(F)F,Coordinates from ORCA-job leia_inp/doublemontecarlogen3D205
C1C=C(C(=CC=1C(F)(F)F)N(=O)=O)C(=O)O,Coordinates from ORCA-job leia_inp/doublemontecarlogen3D206
C1C=C(N=C(C=1)C(F)(F)F)C(=O)O,Coordinates from ORCA-job leia_inp/doublemontecarlogen3D207
C1=CC(=NC(=C1)C(F)(F)F)C(=O)O,Coordinates from ORCA-job leia_inp/doublemontecarlogen3D208
C1C=C2C(=CC=1C(=O)O)OC(O2)(F)F,Coordinates from ORCA-job leia_inp/doublemontecarlogen3D209
C1C=C(C(=CC=1Cl)C(=O)C(F)(F)F)N.O.Cl,Coordinates from ORCA-job leia_inp/doublemontecarlogen3D20
C1[C@H](C1(F)F)C(=O)O,Coordinates from ORCA-job leia_inp/doublemontecarlogen3D210
C(C(=O)O)C(C(=O)O)(F)F,Coordinates from ORCA-job leia_inp/doublemontecarlogen3D211
C(C(=O)O)C(C(=O)O)(F)F,Coordinates from ORCA-job leia_inp/doublemontecarlogen3D212
C1=CC=C(C=C1)C(=O)C(F)(F)F,Coordinates from ORCA-job leia_inp/doublemontecarlogen3D213
C(C(F)(F)F)O,Coordinates from ORCA-job leia_inp/doublemontecarlogen3D214
C(C(F)(F)F)N.Cl,Coordinates from ORCA-job leia_inp/doublemontecarlogen3D215
C1C=C(C(=C(C=1C(=O)O)F)F)O,Coordinates from ORCA-job leia_inp/doublemontecarlogen3D216
N[C@@H](CC1C=CC=C(F)C=1F)C(=O)O,Coordinates from ORCA-job leia_inp/doublemontecarlogen3D217
N[C@@H](C(=O)O)C1=CC=CC(F)=C1F,Coordinates from ORCA-job leia_inp/doublemontecarlogen3D218
C1C=C(C(=C(C=1)F)F)C=O,Coordinates from ORCA-job leia_inp/doublemontecarlogen3D219
C1=CC(=O)N(C1=O)CCN.C(=O)(C(F)(F)F)O,Coordinates from ORCA-job leia_inp/doublemontecarlogen3D21
C1=CC(=C(C(=C1)F)F)C(=O)O,Coordinates from ORCA-job leia_inp/doublemontecarlogen3D220
C1=CC(=C(C(=C1)F)F)C(=O)O,Coordinates from ORCA-job leia_inp/doublemontecarlogen3D221
C1=CC(=C(C(=C1C(=O)O)F)F)F,Coordinates from ORCA-job leia_inp/doublemontecarlogen3D222
C1=CC(=C(C(=C1C(=O)O)F)F)F,Coordinates from ORCA-job leia_inp/doublemontecarlogen3D223
C1=CC(=C(C(=C1C(=O)O)F)F)F,Coordinates from ORCA-job leia_inp/doublemontecarlogen3D224
C1C(=C(N=C(N=1)Cl)Cl)F,Coordinates from ORCA-job raina_inp/doublemontecarlogen3D226
C1C(=C(C=C(C=1N(=O)=O)Cl)Cl)C(F)(F)F,Coordinates from ORCA-job raina_inp/doublemontecarlogen3D227
C1=C(N=C(N=C1Cl)Cl)C(F)(F)F,Coordinates from ORCA-job raina_inp/doublemontecarlogen3D228
C1=C(C(=CC(=C1N(=O)=O)F)F)C(=O)O,Coordinates from ORCA-job raina_inp/doublemontecarlogen3D229
OC(=O)C1=CC=CN(CC2C=CC=C(C(F)(F)F)C=2)C1=O,Coordinates from ORCA-job leia_inp/doublemontecarlogen3D22
C1=C(C(=CC(=C1N(=O)=O)F)F)C(=O)O,Coordinates from ORCA-job raina_inp/doublemontecarlogen3D230
C1=C(C(=CC(=C1N(=O)=O)F)F)C(=O)O,Coordinates from ORCA-job raina_inp/doublemontecarlogen3D231
C1C=C(C(=CC=1F)F)N,Coordinates from ORCA-job raina_inp/doublemontecarlogen3D232
C1=CC(=C(C=C1F)F)N=C=O,Coordinates from ORCA-job raina_inp/doublemontecarlogen3D233
C1C=C(C(=CC=1F)F)CC(=O)O,Coordinates from ORCA-job raina_inp/doublemontecarlogen3D234
C1C(=C(C=C(C=1F)F)F)N(=O)=O,Coordinates from ORCA-job raina_inp/doublemontecarlogen3D235
C1C(=CC(=C(C=1F)CO)F)F,Coordinates from ORCA-job test_1_sl_inp/doublemontecarlogen3D236
C1C(=CC(=C(C=1F)N(=O)=O)F)F,Coordinates from ORCA-job test_1_sl_inp/doublemontecarlogen3D237
[B](F)(F)(F)F.CC1=C[C](OC(=C1)C)C,Coordinates from ORCA-job test_1_sl_inp/doublemontecarlogen3D238
C1=CC(=C(C=C1F)O)F,Coordinates from ORCA-job test_1_sl_inp/doublemontecarlogen3D239
C1CCC(C1)(C1C=C(C=CC=1)F)C(=O)O,Coordinates from ORCA-job raina_inp/doublemontecarlogen3D23
C1=CC(=C(C=C1F)CC(=O)O)F,Coordinates from ORCA-job test_1_sl_inp/doublemontecarlogen3D240
C1C=C(C(=CC=1F)CC(=O)O)F,Coordinates from ORCA-job test_1_sl_inp/doublemontecarlogen3D241
CC1=C(C(=C(C=C1)F)C(=O)O)F,Coordinates from ORCA-job test_1_sl_inp/doublemontecarlogen3D242
CC1=C(C(=C(C=C1)F)O)F,Coordinates from ORCA-job test_1_sl_inp/doublemontecarlogen3D243
OC(=O)C1C(F)=CC=C(C=1F)N(=O)=O,Coordinates from ORCA-job test_1_sl_inp/doublemontecarlogen3D244
C1=CC(=C(C(=C1)F)C(=O)O)F,Coordinates from ORCA-job test_1_sl_inp/doublemontecarlogen3D245
C1C=C(C(=C(C=1)F)CO)F,Coordinates from ORCA-job test_1_sl_inp/doublemontecarlogen3D246
C1C=C(C(=C(C=1)F)N(=O)=O)F,Coordinates from ORCA-job test_1_sl_inp/doublemontecarlogen3D247
C1C=C(C(=C(C=1)F)N=C=S)F,Coordinates from ORCA-job test_1_sl_inp/doublemontecarlogen3D248
C1=CC(=C(C(=C1)F)CC(=O)O)F,Coordinates from ORCA-job test_1_sl_inp/doublemontecarlogen3D249
C1C[C@H](N(C1)S(=O)(=O)C1=CC=CC(=C1)C(F)(F)F)C(=O)O,Coordinates from ORCA-job test_1_sl_inp/doublemontecarlogen3D24
B1(OC(C(O1)(C)C)(C)C)C1=CC(=NC(=C1)F)F,Coordinates from ORCA-job test_1_sl_inp/doublemontecarlogen3D250
CC1=C(C(=NO1)C1C(=CC=CC=1Cl)F)C(=O)O,Coordinates from ORCA-job test_1_sl_inp/doublemontecarlogen3D251
C1C=CC(=C(C=1)CCC(=O)O)F,Coordinates from ORCA-job test_1_sl_inp/doublemontecarlogen3D252
C1C=C(C=C(C=1)F)CCC(=O)O,Coordinates from ORCA-job test_1_sl_inp/doublemontecarlogen3D253
OC(=O)CCC1C=CC=C(C=1)C(F)(F)F,Coordinates from ORCA-job test_2_sl_inp/doublemontecarlogen3D254
C1C=C(C(=CC=1CCC(=O)O)F)F,Coordinates from ORCA-job test_2_sl_inp/doublemontecarlogen3D255
C1C=C(C=CC=1C(=O)CC(=O)C(F)(F)F)F,Coordinates from ORCA-job test_2_sl_inp/doublemontecarlogen3D256
C1C=C(C=CC=1C(=O)CCC(=O)O)F,Coordinates from ORCA-job test_2_sl_inp/doublemontecarlogen3D257
C1C=C(C=CC=1C(=O)CCC(=O)O)F,Coordinates from ORCA-job test_2_sl_inp/doublemontecarlogen3D258
C1C=C(C=CC=1C(=O)CCC(=O)O)F,Coordinates from ORCA-job test_2_sl_inp/doublemontecarlogen3D259
O[C@@H]1C[C@H](N(C1)C(=O)C1C=CC(F)=CC=1)C(=O)O,Coordinates from ORCA-job test_1_sl_inp/doublemontecarlogen3D25
C1C=C(C=C(C=1)F)C(F)F,Coordinates from ORCA-job test_2_sl_inp/doublemontecarlogen3D260
C1=CC(=CC(=C1)OC(F)(F)F)N,Coordinates from ORCA-job test_2_sl_inp/doublemontecarlogen3D261
C1=CC(=CC(=C1)OC(F)(F)F)C(=O)O,Coordinates from ORCA-job test_2_sl_inp/doublemontecarlogen3D262
C1C=C(C=C(C=1)N)C(F)(F)F,Coordinates from ORCA-job test_2_sl_inp/doublemontecarlogen3D263
C1C=C(C=C(C=1)N)C(F)(F)F,Coordinates from ORCA-job test_2_sl_inp/doublemontecarlogen3D264
C1C=C(C=C(C=1)N)C(F)(F)F,Coordinates from ORCA-job test_2_sl_inp/doublemontecarlogen3D265
C1C=C(C=C(C=1)N)C(F)(F)F,Coordinates from ORCA-job test_2_sl_inp/doublemontecarlogen3D266
NNC(=O)C1=CC=CC(=C1)C(F)(F)F,Coordinates from ORCA-job test_2_sl_inp/doublemontecarlogen3D267
C1=CC(=CC(=C1)S(=O)(=O)N)C(F)(F)F,Coordinates from ORCA-job test_2_sl_inp/doublemontecarlogen3D268
C1=CC(=CC(=C1)S(=O)(=O)Cl)C(F)(F)F,Coordinates from ORCA-job test_2_sl_inp/doublemontecarlogen3D269
OC(=O)[C@H]1CN(CC2=CC=C(F)C=C2)C(=O)C1,Coordinates from ORCA-job test_2_sl_inp/doublemontecarlogen3D26
C1=CC(=CC(=C1)C(F)(F)F)C(=O)O,Coordinates from ORCA-job test_2_sl_inp/doublemontecarlogen3D270
C1=CC(=CC(=C1)C(F)(F)F)C(=O)O,Coordinates from ORCA-job test_2_sl_inp/doublemontecarlogen3D271
NNC(=O)C1=CC=CC(=C1)C(F)(F)F,Coordinates from ORCA-job test_3_sl_inp/doublemontecarlogen3D272
C1=CC(=CC(=C1)C(F)(F)F)CO,Coordinates from ORCA-job test_3_sl_inp/doublemontecarlogen3D273
C1C=C(C=C(C=1)C(F)(F)F)CO,Coordinates from ORCA-job test_3_sl_inp/doublemontecarlogen3D274
C1=CC(=CC(=C1)C(F)(F)F)CCl,Coordinates from ORCA-job test_3_sl_inp/doublemontecarlogen3D276
C1=CC(=CC(=C1)C(F)(F)F)CN,Coordinates from ORCA-job test_3_sl_inp/doublemontecarlogen3D279
CN1C(=CN=C1SCC(=O)C1=CC=C(C=C1)F)CO,Coordinates from ORCA-job test_2_sl_inp/doublemontecarlogen3D27
O[C@@H](C(=O)O)C1=CC=CC(=C1)C(F)(F)F,Coordinates from ORCA-job test_3_sl_inp/doublemontecarlogen3D280
O[C@@H](C(=O)O)C1C=CC=C(C=1)C(F)(F)F,Coordinates from ORCA-job test_3_sl_inp/doublemontecarlogen3D281
O[C@@H](C(=O)O)C1C=CC=C(C=1)C(F)(F)F,Coordinates from ORCA-job test_3_sl_inp/doublemontecarlogen3D282
OCCC1=CC=CC(=C1)C(F)(F)F,Coordinates from ORCA-job test_3_sl_inp/doublemontecarlogen3D284
C1C=C(C=C(C=1)C(F)(F)F)CC(=O)O,Coordinates from ORCA-job test_3_sl_inp/doublemontecarlogen3D286
B(C1C=C(C=CC=1)C(F)(F)F)(O)O,Coordinates from ORCA-job test_3_sl_inp/doublemontecarlogen3D287
C1C=C(C=C(C=1)NN)C(F)(F)F,Coordinates from ORCA-job test_3_sl_inp/doublemontecarlogen3D288
C1C=C(C=C(C=1)NN)C(F)(F)F,Coordinates from ORCA-job test_3_sl_inp/doublemontecarlogen3D289
OC(=O)C1(CCCCC1)C1C=CC(F)=CC=1,Coordinates from ORCA-job test_3_sl_inp/doublemontecarlogen3D28
OC(=O)C[C@@H](C(F)(F)F)C(=O)O,Coordinates from ORCA-job test_4_sl_inp/doublemontecarlogen3D290
C1=CC(=CC(=C1)SC(F)(F)F)C(=O)O,Coordinates from ORCA-job test_4_sl_inp/doublemontecarlogen3D291
C1C=C(C(=CC=1C#N)N)F,Coordinates from ORCA-job test_4_sl_inp/doublemontecarlogen3D292
C1=CC(=C(C=C1C(F)(F)F)N)S.Cl,Coordinates from ORCA-job test_4_sl_inp/doublemontecarlogen3D293
C1=C(C=C(C=C1C(F)(F)F)N)C(=O)O,Coordinates from ORCA-job test_4_sl_inp/doublemontecarlogen3D294
NC1=C(SC2=NC(=CC(=C12)C(F)(F)F)C1=CC=CC=C1)C(=O)O,Coordinates from ORCA-job test_4_sl_inp/doublemontecarlogen3D295
OC(=O)C1(CCCC1)C1=CC=C(F)C=C1,Coordinates from ORCA-job test_3_sl_inp/doublemontecarlogen3D29
C1=CC(=CC(=C1)F)C[C@H](CC(=O)O)N.Cl,Coordinates from ORCA-job leia_inp/doublemontecarlogen3D2
C1C=C(C(=C(C=1F)C(=O)O)F)Cl,Coordinates from ORCA-job test_4_sl_inp/doublemontecarlogen3D304
C1C=C(C(=CC=1C(F)(F)F)Cl)C#N,Coordinates from ORCA-job test_4_sl_inp/doublemontecarlogen3D305
C1C=C(C(=CC=1N)Cl)F,Coordinates from ORCA-job test_4_sl_inp/doublemontecarlogen3D306
C1C=C(C(=CC=1C(=O)O)Cl)F,Coordinates from ORCA-job test_4_sl_inp/doublemontecarlogen3D307
C1=C(C=C(C=C1OC(F)(F)F)Cl)N,Coordinates from ORCA-job test_4_sl_inp/doublemontecarlogen3D308
C1C(=CC(=CC=1F)Cl)C(=O)O,Coordinates from ORCA-job test_4_sl_inp/doublemontecarlogen3D309
C1C=C(C(=C(C=1)N)F)C#N,Coordinates from ORCA-job test_4_sl_inp/doublemontecarlogen3D310
C1=C(C=C(C=C1C(F)(F)F)N(=O)=O)C#N,Coordinates from ORCA-job test_4_sl_inp/doublemontecarlogen3D311
CC(=O)C1C=C(C(=CC=1)OC)F,Coordinates from ORCA-job test_4_sl_inp/doublemontecarlogen3D312
C1=CC(=C(C(=C1)F)N(=O)=O)O,Coordinates from ORCA-job test_4_sl_inp/doublemontecarlogen3D313
C1=CC(=C(C=C1C(=O)O)F)C(F)(F)F,Coordinates from ORCA-job test_4_sl_inp/doublemontecarlogen3D314
C1C=C(C(=CC=1CC(=O)O)F)O,Coordinates from ORCA-job test_4_sl_inp/doublemontecarlogen3D316
COC1C(=CC(=CC=1)N)F,Coordinates from ORCA-job test_5_sl_inp/doublemontecarlogen3D317
CC1C(=CC(=CC=1)[C@@H](C(=O)O)N)F,Coordinates from ORCA-job test_5_sl_inp/doublemontecarlogen3D318
CC1=C(C=C(C=C1)C(=O)O)F,Coordinates from ORCA-job test_5_sl_inp/doublemontecarlogen3D319
C1CCN(C1)[C](N1CCCC1)Cl.F[P](F)(F)(F)(F)F,Coordinates from ORCA-job test_4_sl_inp/doublemontecarlogen3D31
C1COCCN1C1C(=CC(=CC=1)N)F,Coordinates from ORCA-job test_5_sl_inp/doublemontecarlogen3D320
C1=CC(=C(C=C1C(=O)O)F)N(=O)=O,Coordinates from ORCA-job test_5_sl_inp/doublemontecarlogen3D321
C1=CC(=C(C=C1C#N)F)N(=O)=O,Coordinates from ORCA-job test_5_sl_inp/doublemontecarlogen3D322
C1C=C(C(=CC=1O)F)N(=O)=O,Coordinates from ORCA-job test_5_sl_inp/doublemontecarlogen3D323
C1=C(C=C(C=C1C(F)(F)F)F)C(=O)O,Coordinates from ORCA-job test_5_sl_inp/doublemontecarlogen3D324
C1C(=CC(=CC=1O)F)C(=O)O,Coordinates from ORCA-job test_5_sl_inp/doublemontecarlogen3D325
CC1=CC(=CC(=C1)F)N,Coordinates from ORCA-job test_5_sl_inp/doublemontecarlogen3D326
C1=C(C=C(C=C1N(=O)=O)F)C(=O)O,Coordinates from ORCA-job test_5_sl_inp/doublemontecarlogen3D327
C1C=C(C=C(C=1)F)N,Coordinates from ORCA-job test_5_sl_inp/doublemontecarlogen3D328
COC1=CC(=CC=C1)F,Coordinates from ORCA-job test_5_sl_inp/doublemontecarlogen3D329
C1CCN(C1)[C](N1CCCC1)Cl.F[P](F)(F)(F)(F)F,Coordinates from ORCA-job test_5_sl_inp/doublemontecarlogen3D32
C1C=C(C=C(C=1)F)C=O,Coordinates from ORCA-job test_5_sl_inp/doublemontecarlogen3D330
C1C=C(C=C(C=1)F)C=O,Coordinates from ORCA-job test_5_sl_inp/doublemontecarlogen3D331
C1=CC(=CC(=C1)S(=O)(=O)Cl)F,Coordinates from ORCA-job test_5_sl_inp/doublemontecarlogen3D332
C1=CC(=CC(=C1)F)C(=O)O,Coordinates from ORCA-job test_5_sl_inp/doublemontecarlogen3D333
C1=CC(=CC(=C1)F)C(=O)O,Coordinates from ORCA-job test_5_sl_inp/doublemontecarlogen3D334
C1C=C(C=C(C=1)F)C(F)(F)F,Coordinates from ORCA-job test_6_sl_inp/doublemontecarlogen3D335
C1C=C(C=C(C=1)F)/C=C/C(=O)O,Coordinates from ORCA-job test_6_sl_inp/doublemontecarlogen3D337
C1=CN=CC(=C1C(=O)O)F,Coordinates from ORCA-job test_6_sl_inp/doublemontecarlogen3D338
C1C=C(C=C(C=1)F)CCN,Coordinates from ORCA-job test_6_sl_inp/doublemontecarlogen3D339
CC[C@@H](C1=CC(=CC(=C1)C(F)(F)F)C(F)(F)F)O,Coordinates from ORCA-job test_5_sl_inp/doublemontecarlogen3D33
C1=CC(=CC(=C1)F)N=C=S,Coordinates from ORCA-job test_6_sl_inp/doublemontecarlogen3D340
C1C=C(C=C(C=1)F)CC(=O)O,Coordinates from ORCA-job test_6_sl_inp/doublemontecarlogen3D341
C1C=C(C=C(C=1)F)CC(=O)O,Coordinates from ORCA-job test_6_sl_inp/doublemontecarlogen3D342
C1C=C(C=C(C=1)F)CC(=O)O,Coordinates from ORCA-job test_6_sl_inp/doublemontecarlogen3D343
C1C=C(C=C(C=1)F)CC(=O)O,Coordinates from ORCA-job test_6_sl_inp/doublemontecarlogen3D344
OC(=O)C1=CC=CC(F)=C1C(=O)O,Coordinates from ORCA-job test_6_sl_inp/doublemontecarlogen3D345
C1=CC(=C(N=C1)C(=O)O)F,Coordinates from ORCA-job test_6_sl_inp/doublemontecarlogen3D346
C1=CC(=C(N=C1)C(=O)O)F,Coordinates from ORCA-job test_6_sl_inp/doublemontecarlogen3D347
C1C(=CC(=CC=1N(=O)=O)O)C(F)(F)F,Coordinates from ORCA-job test_6_sl_inp/doublemontecarlogen3D348
C1C(=CC(=CC=1C(F)(F)F)O)C(=O)O,Coordinates from ORCA-job test_6_sl_inp/doublemontecarlogen3D349
OC(=O)C1=CC=CN(CC2C=CC(=CC=2)C(F)(F)F)C1=O,Coordinates from ORCA-job test_6_sl_inp/doublemontecarlogen3D34
C1=CC(=CC(=C1)O)C(F)(F)F,Coordinates from ORCA-job test_6_sl_inp/doublemontecarlogen3D350
CC1=CC(=NN1)C(F)(F)F,Coordinates from ORCA-job test_6_sl_inp/doublemontecarlogen3D351
C1=C(C=C(C=C1C(F)(F)F)N(=O)=O)C(=O)O,Coordinates from ORCA-job test_6_sl_inp/doublemontecarlogen3D352
C1=C(C=C(C=C1C(F)(F)F)N(=O)=O)C(=O)O,Coordinates from ORCA-job test_7_sl_inp/doublemontecarlogen3D353
C1=C(C=C(C=C1C(F)(F)F)N(=O)=O)C(=O)O,Coordinates from ORCA-job test_7_sl_inp/doublemontecarlogen3D354
C1C=C(C=C(C=1)N=C=S)C(F)(F)F,Coordinates from ORCA-job test_7_sl_inp/doublemontecarlogen3D355
C1=C(NN=C1)C(F)(F)F,Coordinates from ORCA-job test_7_sl_inp/doublemontecarlogen3D356
C1C(=CC(=CC=1C(F)(F)F)N(=O)=O)C(=O)O,Coordinates from ORCA-job test_7_sl_inp/doublemontecarlogen3D357
C1=CC(=CC(=C1)C(F)(F)F)C=O,Coordinates from ORCA-job test_7_sl_inp/doublemontecarlogen3D358
C1=CC(=CC(=C1)S(=O)(=O)Cl)C(F)(F)F,Coordinates from ORCA-job test_7_sl_inp/doublemontecarlogen3D359
OC(=O)C1=CC=CN(CC2=CC=C(C=C2)C(F)(F)F)C1=O,Coordinates from ORCA-job test_6_sl_inp/doublemontecarlogen3D35
C1=CC(=CC(=C1)C(F)(F)F)CN,Coordinates from ORCA-job test_7_sl_inp/doublemontecarlogen3D360
C1C=C(C=C(C=1)N=C=S)C(F)(F)F,Coordinates from ORCA-job test_7_sl_inp/doublemontecarlogen3D361
B(C1C=C(C=CC=1)C(F)(F)F)(O)O,Coordinates from ORCA-job test_7_sl_inp/doublemontecarlogen3D362
B(C1C=C(C=CC=1)C(F)(F)F)(O)O,Coordinates from ORCA-job test_7_sl_inp/doublemontecarlogen3D363
C1C(=C(C=C(C=1Cl)Cl)N(=O)=O)C(F)(F)F,Coordinates from ORCA-job test_7_sl_inp/doublemontecarlogen3D364
C1=CC(=C(C=C1CCC(=O)O)F)F,Coordinates from ORCA-job test_7_sl_inp/doublemontecarlogen3D365
C1C=C(C(=CC=1CC(=O)O)F)F,Coordinates from ORCA-job test_7_sl_inp/doublemontecarlogen3D366
C1=CC(=C(C=C1CC(=O)O)F)F,Coordinates from ORCA-job test_7_sl_inp/doublemontecarlogen3D367
C1C(=CC(=C(C=1F)F)F)S(=O)(=O)Cl,Coordinates from ORCA-job test_7_sl_inp/doublemontecarlogen3D368
C1C(=CC(=C(C=1F)F)F)C(=O)O,Coordinates from ORCA-job test_7_sl_inp/doublemontecarlogen3D369
OC(=O)C1CCN(CC1)C1N=CC=C(N=1)C(F)(F)F,Coordinates from ORCA-job test_7_sl_inp/doublemontecarlogen3D36
C1=C(C=C(C(=C1F)F)F)N=C=S,Coordinates from ORCA-job test_7_sl_inp/doublemontecarlogen3D370
[B](F)(F)(F)F.CC1=C[C](OC(=C1)C)C,Coordinates from ORCA-job sd_inp/doublemontecarlogen3D371
C1C(=CC(=CC=1C(F)(F)F)S(=O)(=O)N)C(F)(F)F,Coordinates from ORCA-job sd_inp/doublemontecarlogen3D372
C1C(=CC(=CC=1C(F)(F)F)S(=O)(=O)Cl)C(F)(F)F,Coordinates from ORCA-job leia_inp/doublemontecarlogen3D373
C1C(=CC(=CC=1C(F)(F)F)C(F)(F)F)C(=O)O,Coordinates from ORCA-job sd_inp/doublemontecarlogen3D374
C1=C(C=C(C=C1C(F)(F)F)C(F)(F)F)CN,Coordinates from ORCA-job sd_inp/doublemontecarlogen3D375
C1=C(C=C(C=C1C(F)(F)F)C(F)(F)F)CN,Coordinates from ORCA-job sd_inp/doublemontecarlogen3D376
C1C(=CC(=CC=1C(F)(F)F)N=C=O)C(F)(F)F,Coordinates from ORCA-job sd_inp/doublemontecarlogen3D377
C1C(=CC(=CC=1C(F)(F)F)N=C=S)C(F)(F)F,Coordinates from ORCA-job sd_inp/doublemontecarlogen3D378
CCC(=O)C1=CC(=C(C(=C1)F)O)F,Coordinates from ORCA-job sd_inp/doublemontecarlogen3D379
C1C(OCC(F)(F)F)=NC=C(C2SC=C(C(=O)C)N=2)C=1,Coordinates from ORCA-job test_7_sl_inp/doublemontecarlogen3D37
C1=CC=C2-C3=C(C(C2=C1)COC(=O)N[C@@H](CC1=CC(=CC(=C1)F)F)C(=O)O)C=CC=C3,Coordinates from ORCA-job sd_inp/doublemontecarlogen3D380
C1=C(C=C(C=C1F)F)N=C=S,Coordinates from ORCA-job sd_inp/doublemontecarlogen3D381
C1C(=CC(=CC=1F)F)CC(=O)O,Coordinates from ORCA-job sd_inp/doublemontecarlogen3D382
C1C(=CC(=CC=1N(=O)=O)N(=O)=O)C(F)(F)F,Coordinates from ORCA-job sd_inp/doublemontecarlogen3D383
OC(=O)C1=CC=CC(F)=C1C(=O)O,Coordinates from ORCA-job sd_inp/doublemontecarlogen3D384
CC(=O)C1C=C(C=CC=1)C(F)(F)F,Coordinates from ORCA-job sd_inp/doublemontecarlogen3D385
CC1=CC=CC(=C1)C(=O)C(F)(F)F,Coordinates from ORCA-job sd_inp/doublemontecarlogen3D386
C1=C(C=C(C=C1F)F)C(=O)CCC(=O)O,Coordinates from ORCA-job sd_inp/doublemontecarlogen3D387
C1C=C(C=CC=1C(=O)O)OC(F)F,Coordinates from ORCA-job sd_inp/doublemontecarlogen3D389
C1C=C(C=CC=1OC(F)(F)F)S(=O)(=O)Cl,Coordinates from ORCA-job sd_inp/doublemontecarlogen3D390
C1C=C(C=CC=1C(=O)C(F)(F)F)C(=O)O,Coordinates from ORCA-job sd_inp/doublemontecarlogen3D391
C1C=C(C=CC=1N)OC(F)(F)F,Coordinates from ORCA-job sd_inp/doublemontecarlogen3D392
C1C=C(C=CC=1C(=O)O)OC(F)(F)F,Coordinates from ORCA-job sd_inp/doublemontecarlogen3D393
C1C=C(C=CC=1C(=O)O)C(F)(F)F,Coordinates from ORCA-job sd_inp/doublemontecarlogen3D394
C1C=C(C=CC=1N=C=O)OC(F)(F)F,Coordinates from ORCA-job sd_inp/doublemontecarlogen3D395
C1C=C(C=CC=1CC(=O)O)OC(F)(F)F,Coordinates from ORCA-job sd_inp/doublemontecarlogen3D396
C1C=C(C=CC=1C(F)(F)F)S(=O)(=O)Cl,Coordinates from ORCA-job sd_inp/doublemontecarlogen3D397
C1CC(=O)C2C1=C(C=CC=2)C(F)(F)F,Coordinates from ORCA-job sd_inp/doublemontecarlogen3D398
C1CC(=O)C2C1=C(C=CC=2)C(F)(F)F,Coordinates from ORCA-job sd_inp/doublemontecarlogen3D399
C1=C(N=C(S1)N)C(F)(F)F,Coordinates from ORCA-job sd_inp/doublemontecarlogen3D400
C1=C(NC=N1)C(F)(F)F,Coordinates from ORCA-job sd_inp/doublemontecarlogen3D401
C1CC2=C([C@H]1N)C=C(C=C2)C(F)(F)F,Coordinates from ORCA-job sd_inp/doublemontecarlogen3D402
C1=CC(=CC=C1C(F)(F)F)N,Coordinates from ORCA-job sd_inp/doublemontecarlogen3D403
C1C=C(C=CC=1C(F)(F)F)S(=O)(=O)N,Coordinates from ORCA-job sd_inp/doublemontecarlogen3D404
C1C=C(C=CC=1C(F)(F)F)S(=O)(=O)Cl,Coordinates from ORCA-job sd_inp/doublemontecarlogen3D405
C1=CC(=CC=C1C(=O)NN)C(F)(F)F,Coordinates from ORCA-job sd_inp/doublemontecarlogen3D406
C1=CC(=CC=C1CN)C(F)(F)F,Coordinates from ORCA-job sd_inp/doublemontecarlogen3D407
C1C=C(C=CC=1CCC(=O)O)C(F)(F)F,Coordinates from ORCA-job sd_inp/doublemontecarlogen3D408
C1C=C(C=CC=1[C@@H](C(=O)O)O)C(F)(F)F,Coordinates from ORCA-job sd_inp/doublemontecarlogen3D409
C1C=C(C=CC=1[C@@H](C(=O)O)O)C(F)(F)F,Coordinates from ORCA-job sd_inp/doublemontecarlogen3D410
C1C=C(C=CC=1[C@@H](C(=O)O)O)C(F)(F)F,Coordinates from ORCA-job sd_inp/doublemontecarlogen3D411
C1=CC(=CC=C1[C@@H](C(=O)O)O)C(F)(F)F,Coordinates from ORCA-job sd_inp/doublemontecarlogen3D412
C1=CC(=CC=C1[C@@H](C(=O)O)O)C(F)(F)F,Coordinates from ORCA-job sd_inp/doublemontecarlogen3D413
C1=CC(=CC=C1[C@@H](C(=O)O)O)C(F)(F)F,Coordinates from ORCA-job sd_inp/doublemontecarlogen3D414
C1=CC(=CC=C1[C@@H](C(=O)O)O)C(F)(F)F,Coordinates from ORCA-job sd_inp/doublemontecarlogen3D415
C=CC1C=CC(=CC=1)C(F)(F)F,Coordinates from ORCA-job sd_inp/doublemontecarlogen3D416
OC(=O)C1=CC=C(C=C1)N1C=CC(=N1)C(F)(F)F,Coordinates from ORCA-job sd_inp/doublemontecarlogen3D417
CC1=CC=C(C=C1)C1=CC(=NN1C1C=CC(=CC=1)S(=O)(=O)N)C(F)(F)F,Coordinates from ORCA-job sd_inp/doublemontecarlogen3D418
C1C(=CN=C(C=1Cl)NCCCC(=O)O)C(F)(F)F,Coordinates from ORCA-job sd_inp/doublemontecarlogen3D419
C1C=C(C(=CC=1N)C(F)(F)F)C(=O)O,Coordinates from ORCA-job sd_inp/doublemontecarlogen3D420
C1=CC(=C(C=C1N)C(F)(F)F)C#N,Coordinates from ORCA-job sd_inp/doublemontecarlogen3D421
C1=CC(=C(C=C1N)C(F)(F)F)C#N,Coordinates from ORCA-job sd_inp/doublemontecarlogen3D422
C1(=C(C(=C(C(=C1F)F)N)F)F)C(=O)O,Coordinates from ORCA-job sd_inp/doublemontecarlogen3D423
C1C(=C(C=C(C=1F)N)F)C#N,Coordinates from ORCA-job sd_inp/doublemontecarlogen3D424
C1=CC(=CC=C1C(F)(F)F)N,Coordinates from ORCA-job sd_inp/doublemontecarlogen3D425
[B](F)(F)(F)F.CCCCN1C=CN([CH]1)C,Coordinates from ORCA-job sd_inp/doublemontecarlogen3D42
[B](F)(F)(F)F.CCCCN1C=CN([CH]1)C,Coordinates from ORCA-job srijon_inp/doublemontecarlogen3D43
C1=CC(=C(C=C1Cl)C(F)(F)F)N,Coordinates from ORCA-job srijon_inp/doublemontecarlogen3D446
C1=CC(=C(C=C1Cl)C(F)(F)F)C=O,Coordinates from ORCA-job srijon_inp/doublemontecarlogen3D447
FC(F)(F)C1=CC(Cl)=CC=C1N=C=S,Coordinates from ORCA-job srijon_inp/doublemontecarlogen3D448
C1=C(C(=CC(=C1N(=O)=O)Cl)F)C(=O)O,Coordinates from ORCA-job srijon_inp/doublemontecarlogen3D449
C1=CC=C(C(=C1)N(=O)=O)F,Coordinates from ORCA-job srijon_inp/doublemontecarlogen3D44
C1=CC(=C(C=C1Cl)F)C(=O)O,Coordinates from ORCA-job srijon_inp/doublemontecarlogen3D450
C1=CC(=C(C=C1Cl)F)N(=O)=O,Coordinates from ORCA-job srijon_inp/doublemontecarlogen3D451
C1=CC(=C(C=C1Cl)F)N(=O)=O,Coordinates from ORCA-job srijon_inp/doublemontecarlogen3D452
C1=C(C=C(C(=C1F)N(=O)=O)F)Cl,Coordinates from ORCA-job srijon_inp/doublemontecarlogen3D453
C1C=C(C(=CC=1C=O)C(F)(F)F)Cl,Coordinates from ORCA-job srijon_inp/doublemontecarlogen3D454
C1=CC(=C(C=C1N)C(F)(F)F)Cl,Coordinates from ORCA-job srijon_inp/doublemontecarlogen3D455
C1=CC(=C(C=C1C=O)C(F)(F)F)Cl,Coordinates from ORCA-job srijon_inp/doublemontecarlogen3D456
C1C=C(C(=CC=1C(=O)O)C(F)(F)F)Cl,Coordinates from ORCA-job srijon_inp/doublemontecarlogen3D457
C1C=C(C(=CC=1C(=O)O)C(F)(F)F)Cl,Coordinates from ORCA-job srijon_inp/doublemontecarlogen3D458
C1=CC(=C(C=C1N=C=O)C(F)(F)F)Cl,Coordinates from ORCA-job srijon_inp/doublemontecarlogen3D459
C1=C[CH]N(C=C1)F.C(F)(F)(F)S([O])([O])[O],Coordinates from ORCA-job srijon_inp/doublemontecarlogen3D45
C1=CC(=C(C=C1N)C(F)(F)F)Cl,Coordinates from ORCA-job srijon_inp/doublemontecarlogen3D460
C1=CC(=C(C=C1N)F)Cl,Coordinates from ORCA-job srijon_inp/doublemontecarlogen3D461
C1C=C(C(=CC=1C(=O)O)F)Cl,Coordinates from ORCA-job srijon_inp/doublemontecarlogen3D462
C1C=C(C(=CC=1N(=O)=O)F)Cl,Coordinates from ORCA-job srijon_inp/doublemontecarlogen3D463
C1C=C(C(=CC=1N=C=S)C(F)(F)F)Cl,Coordinates from ORCA-job srijon_inp/doublemontecarlogen3D464
C1=CC(=C(C=C1C#N)F)C(=O)O,Coordinates from ORCA-job srijon_inp/doublemontecarlogen3D465
C1=CC(=C(C=C1C#N)F)C(=O)O,Coordinates from ORCA-job srijon_inp/doublemontecarlogen3D466
C1C=C(C=CC=1N)F,Coordinates from ORCA-job srijon_inp/doublemontecarlogen3D467
C1C=C(C=CC=1NN)F.Cl,Coordinates from ORCA-job srijon_inp/doublemontecarlogen3D468
OC(=O)C1=CC2C(S1)=CC=CC=2F,Coordinates from ORCA-job srijon_inp/doublemontecarlogen3D469
COC1C(=CC(=CC=1)N(=O)=O)C(F)(F)F,Coordinates from ORCA-job srijon_inp/doublemontecarlogen3D46
C1=CC=C2C(=C1)C(=CC=C2F)C(=O)O,Coordinates from ORCA-job srijon_inp/doublemontecarlogen3D470
C1=CC(=C(C=C1F)C(F)(F)F)C(=O)O,Coordinates from ORCA-job srijon_inp/doublemontecarlogen3D471
C1=CC(=C(C=C1F)C(F)(F)F)C(=O)O,Coordinates from ORCA-job srijon_inp/doublemontecarlogen3D472
C1C=C(C(=CC=1F)N(=O)=O)C(=O)O,Coordinates from ORCA-job srijon_inp/doublemontecarlogen3D473
C1C=C(C(=CC=1F)N(=O)=O)C(=O)O,Coordinates from ORCA-job srijon_inp/doublemontecarlogen3D474
C1C=C(C(=CC=1C(=O)O)C(F)(F)F)F,Coordinates from ORCA-job srijon_inp/doublemontecarlogen3D475
C1C=C(C(=CC=1N=C=S)C(F)(F)F)F,Coordinates from ORCA-job srijon_inp/doublemontecarlogen3D476
C1=CC(=C(C=C1C=O)O)F,Coordinates from ORCA-job srijon_inp/doublemontecarlogen3D477
C1C=C(C(=CC=1C(=O)O)O)F,Coordinates from ORCA-job srijon_inp/doublemontecarlogen3D478
C1C=C(C(=CC=1C(=O)O)O)F,Coordinates from ORCA-job srijon_inp/doublemontecarlogen3D479
CN1C(=CC(=N1)C(F)(F)F)N,Coordinates from ORCA-job srijon_inp/doublemontecarlogen3D47
CC1C(=CC=C(C=1)C(=O)O)F,Coordinates from ORCA-job srijon_inp/doublemontecarlogen3D480
C1CNCCC1(C(=O)O)F.Cl,Coordinates from ORCA-job srijon_inp/doublemontecarlogen3D481
CC(=C)C1C=CC(=CC=1)F,Coordinates from ORCA-job srijon_inp/doublemontecarlogen3D482
C1=CC(=CC=C1[C@@H](C(=O)O)N)F,Coordinates from ORCA-job sli_prashanth_inp/doublemontecarlogen3D483
CNC1=CC=C(C=C1)F,Coordinates from ORCA-job sli_prashanth_inp/doublemontecarlogen3D484
CNC1=CC=C(C=C1)F,Coordinates from ORCA-job sli_prashanth_inp/doublemontecarlogen3D485
C1C=C(C=CC=1C=O)F,Coordinates from ORCA-job sli_prashanth_inp/doublemontecarlogen3D486
C1=CC(=CC=C1C(=O)N)F,Coordinates from ORCA-job sli_prashanth_inp/doublemontecarlogen3D487
C1=CC(=CC=C1C(=N)N)F.Cl,Coordinates from ORCA-job sli_prashanth_inp/doublemontecarlogen3D488
B(C1=CC=C(C=C1)F)(O)O,Coordinates from ORCA-job sli_prashanth_inp/doublemontecarlogen3D489
CN1N=C(C2=C1SC(=C2)C(=O)O)C(F)(F)F,Coordinates from ORCA-job srijon_inp/doublemontecarlogen3D48
C1=CC(=CC=C1F)S(=O)(=O)N,Coordinates from ORCA-job sli_prashanth_inp/doublemontecarlogen3D490
C1C=C(C=CC=1F)S(=O)(=O)Cl,Coordinates from ORCA-job sli_prashanth_inp/doublemontecarlogen3D491
C1C=C(C=CC=1C(=O)O)F,Coordinates from ORCA-job sli_prashanth_inp/doublemontecarlogen3D492
C1C=C(C=CC=1C(=O)O)F,Coordinates from ORCA-job sli_prashanth_inp/doublemontecarlogen3D493
C1C=C(C=CC=1C(=O)O)F,Coordinates from ORCA-job sli_prashanth_inp/doublemontecarlogen3D494
C1C=C(C=CC=1C(=O)O)F,Coordinates from ORCA-job sli_prashanth_inp/doublemontecarlogen3D495
C1C=C(C=CC=1C#N)F,Coordinates from ORCA-job sli_prashanth_inp/doublemontecarlogen3D496
C1C=C(C=CC=1C#N)F,Coordinates from ORCA-job sli_prashanth_inp/doublemontecarlogen3D497
C1C=C(C=CC=1C(F)(F)F)F,Coordinates from ORCA-job sli_prashanth_inp/doublemontecarlogen3D498
C1C=C(C=CC=1C(=O)Cl)F,Coordinates from ORCA-job sli_prashanth_inp/doublemontecarlogen3D499
C1CC1(C(=O)O)C(F)(F)F,Coordinates from ORCA-job sli_prashanth_inp/doublemontecarlogen3D49
C1=CC=C(C(=C1)C[C@@H](CC(=O)O)N)F.Cl,Coordinates from ORCA-job sd_inp/doublemontecarlogen3D4
C1=CC(=CC=C1CO)F,Coordinates from ORCA-job sli_prashanth_inp/doublemontecarlogen3D500
C1C=C(C=CC=1CN)F,Coordinates from ORCA-job sli_prashanth_inp/doublemontecarlogen3D503
C1C=C(C=CC=1CN)F,Coordinates from ORCA-job sli_prashanth_inp/doublemontecarlogen3D504
C1=CC(=CC=C1/C=C/C=O)F,Coordinates from ORCA-job sli_prashanth_inp/doublemontecarlogen3D505
C1=CC(=CC=C1/C=C/C(=O)O)F,Coordinates from ORCA-job sli_prashanth_inp/doublemontecarlogen3D506
C1=CC(=CC=C1[C@@H](C(=O)O)O)F,Coordinates from ORCA-job sli_prashanth_inp/doublemontecarlogen3D507
C1=CC(=CC=C1[C@@H](C(=O)O)O)F,Coordinates from ORCA-job sli_prashanth_inp/doublemontecarlogen3D508
C1C=C(C=CC=1CCN)F,Coordinates from ORCA-job sli_prashanth_inp/doublemontecarlogen3D509
CC[Si](CC)(CC)OS([O])([O])C(F)(F)F,Coordinates from ORCA-job sli_prashanth_inp/doublemontecarlogen3D50
C1C=C(C=CC=1O)F,Coordinates from ORCA-job sli_prashanth_inp/doublemontecarlogen3D510
C1C=C(C=CC=1OCC(=O)O)F,Coordinates from ORCA-job sli_prashanth_inp/doublemontecarlogen3D511
C1C=C(C=CC=1N=C=O)F,Coordinates from ORCA-job sli_prashanth_inp/doublemontecarlogen3D512
C1=CC(=CC=C1CC(=O)O)F,Coordinates from ORCA-job sli_prashanth_inp/doublemontecarlogen3D513
C1=CC(=CC=C1CC(=O)Cl)F,Coordinates from ORCA-job sli_prashanth_inp/doublemontecarlogen3D514
C1=CC(=CC=C1CC(=O)Cl)F,Coordinates from ORCA-job sli_prashanth_inp/doublemontecarlogen3D515
C1C=C(C(=CC=1F)C(=O)O)C(=O)O,Coordinates from ORCA-job sli_prashanth_inp/doublemontecarlogen3D516
C=CC1C=CC(=CC=1)F,Coordinates from ORCA-job sli_prashanth_inp/doublemontecarlogen3D517
OC(=O)C1=CC=C(C=C1)S(=O)(=O)F,Coordinates from ORCA-job sli_prashanth_inp/doublemontecarlogen3D518
OC(=O)C1=CN=C2C=C(C=CC2=C1O)C(F)(F)F,Coordinates from ORCA-job sli_prashanth_inp/doublemontecarlogen3D519
C(O)(C(F)(F)F)C(F)(F)F,Coordinates from ORCA-job sli_prashanth_inp/doublemontecarlogen3D51
COC1=C(C=C(C=C1)C(=O)O)C(F)(F)F,Coordinates from ORCA-job sli_prashanth_inp/doublemontecarlogen3D520
COC1C(=CC(=CC=1)C(=O)O)C(F)(F)F,Coordinates from ORCA-job sli_prashanth_inp/doublemontecarlogen3D521
CC1=C(C=C(C=C1)C(=O)O)C(F)(F)F,Coordinates from ORCA-job sli_prashanth_inp/doublemontecarlogen3D522
C1C=C(C=CC=1N(=O)=O)OC(=O)C(F)(F)F,Coordinates from ORCA-job sli_prashanth_inp/doublemontecarlogen3D523
C1=CC(=CC=C1N(=O)=O)OS([O])([O])C(F)(F)F,Coordinates from ORCA-job sli_prashanth_inp/doublemontecarlogen3D524
B(C1C=CC(=CC=1)OC(F)(F)F)(O)O,Coordinates from ORCA-job sli_prashanth_inp/doublemontecarlogen3D525
C1=CC(=C(C=C1C(F)(F)F)N)N,Coordinates from ORCA-job sli_prashanth_inp/doublemontecarlogen3D526
C1C=C(C=CC=1C(F)(F)F)NN.Cl,Coordinates from ORCA-job sli_prashanth_inp/doublemontecarlogen3D528
B(C1C=CC(=CC=1)C(F)(F)F)(O)O,Coordinates from ORCA-job sli_prashanth_inp/doublemontecarlogen3D529
C(O)(C(F)(F)F)C(F)(F)F,Coordinates from ORCA-job sli_prashanth_inp/doublemontecarlogen3D52
C1=CC(=CC=C1C(F)(F)F)NN,Coordinates from ORCA-job sli_prashanth_inp/doublemontecarlogen3D530
OC(=O)C1C=CC(=CC=1C(=O)O)C(F)(F)F,Coordinates from ORCA-job sli_prashanth_inp/doublemontecarlogen3D531
CC1=CC=C(C=C1)C(=O)CC(=O)C(F)(F)F,Coordinates from ORCA-job sli_prashanth_inp/doublemontecarlogen3D532
C1C(=C(C=C(C=1Cl)Cl)N(=O)=O)C(F)(F)F,Coordinates from ORCA-job sli_prashanth_inp/doublemontecarlogen3D533
C1=C(C(=CC(=C1Cl)Cl)N(=O)=O)C(F)(F)F,Coordinates from ORCA-job sli_prashanth_inp/doublemontecarlogen3D534
C1C(=C(C=C(C=1F)F)N(=O)=O)C(=O)O,Coordinates from ORCA-job sli_prashanth_inp/doublemontecarlogen3D535
C1C(=C(C=C(C=1F)F)N(=O)=O)C(=O)O,Coordinates from ORCA-job sli_prashanth_inp/doublemontecarlogen3D536
CC(=O)C1C=CC(=CC=1)F,Coordinates from ORCA-job sli_prashanth_inp/doublemontecarlogen3D538
C1C=C(C(=CC=1S(=O)(=O)Cl)C(=O)O)F,Coordinates from ORCA-job sli_prashanth_inp/doublemontecarlogen3D539
C1=C(C=C(C(=C1F)F)F)N(=O)=O,Coordinates from ORCA-job sli_prashanth_inp/doublemontecarlogen3D53
OC(=O)C1=CC=C(O1)C1C=C(C=CC=1Cl)C(F)(F)F,Coordinates from ORCA-job sli_prashanth_inp/doublemontecarlogen3D540
C1=CC(=C(C=C1N)C(F)(F)F)Cl,Coordinates from ORCA-job sli_prashanth_inp/doublemontecarlogen3D541
C1=CC(=C(C=C1N)C(F)(F)F)F,Coordinates from ORCA-job sli_prashanth_inp/doublemontecarlogen3D542
C1=CC2=C(C=C1N)OC(O2)(F)F,Coordinates from ORCA-job sli_prashanth_inp/doublemontecarlogen3D543
C1CN(CC2=C1C=CC(=C2)S(=O)(=O)Cl)C(=O)C(F)(F)F,Coordinates from ORCA-job sli_prashanth_inp/doublemontecarlogen3D54
CN1C(=CC(=N1)C(F)(F)F)Cl,Coordinates from ORCA-job sli_prashanth_inp/doublemontecarlogen3D550
CN1N=C(C(C(=O)O)=C1Cl)C(F)(F)F,Coordinates from ORCA-job sli_prashanth_inp/doublemontecarlogen3D551
C1C=C(C(=CC=1Cl)C(=O)O)F,Coordinates from ORCA-job sli_prashanth_inp/doublemontecarlogen3D552
C1C=C(N=CC=1Cl)F,Coordinates from ORCA-job sli_prashanth_inp/doublemontecarlogen3D553
C1C(=C(C=C(C=1Cl)F)F)N,Coordinates from ORCA-job sli_prashanth_inp/doublemontecarlogen3D554
OC(=O)C1C=CC=CC=1C(=O)C1C=CC(F)=CC=1,Coordinates from ORCA-job sli_prashanth_inp/doublemontecarlogen3D555
C1C=C(C(=CC=1F)C(=O)O)C(F)(F)F,Coordinates from ORCA-job sli_prashanth_inp/doublemontecarlogen3D556
C1C=C(C(=CC=1F)C(=O)O)C(F)(F)F,Coordinates from ORCA-job sli_prashanth_inp/doublemontecarlogen3D557
C1=CC(=C(C=C1F)O)C(F)(F)F,Coordinates from ORCA-job sli_prashanth_inp/doublemontecarlogen3D558
COC1=C(C=C(C=C1)F)C(=O)O,Coordinates from ORCA-job sli_prashanth_inp/doublemontecarlogen3D559
CC(C)(C)OC(=O)NC(=NS(=O)(=O)C(F)(F)F)NC(=O)OC(C)(C)C,Coordinates from ORCA-job sli_prashanth_inp/doublemontecarlogen3D55
B(C1=C(C=CC(=C1)F)OC)(O)O,Coordinates from ORCA-job sli_prashanth_inp/doublemontecarlogen3D560
CC1=C(C=C(C=C1)F)C(=O)O,Coordinates from ORCA-job sli_prashanth_inp/doublemontecarlogen3D561
C1=CC(=C(C=C1F)C=O)N(=O)=O,Coordinates from ORCA-job sli_prashanth_inp/doublemontecarlogen3D562
C1C=C(C(=CC=1F)C(=O)O)N(=O)=O,Coordinates from ORCA-job sli_prashanth_inp/doublemontecarlogen3D563
C1C=C(C(=CC=1F)C(=O)O)N(=O)=O,Coordinates from ORCA-job sli_prashanth_inp/doublemontecarlogen3D564
OC(=O)CSC1=C(F)C=NC(=O)N1,Coordinates from ORCA-job sli_prashanth_inp/doublemontecarlogen3D565
C1=NC(=O)NC(=C1F)N,Coordinates from ORCA-job sli_prashanth_inp/doublemontecarlogen3D566
C1C=C2C(=CC=1F)C=C(N2)C(=O)O,Coordinates from ORCA-job sli_prashanth_inp/doublemontecarlogen3D567
C1C=C2C(=CC=1F)C=C(N2)C(=O)O,Coordinates from ORCA-job sli_prashanth_inp/doublemontecarlogen3D568
C1C=C2C(=CC=1F)C=C(N2)C(=O)O,Coordinates from ORCA-job sli_prashanth_inp/doublemontecarlogen3D569
C[C@@H](C(=O)O)NS(=O)(=O)C1C=CC=C(C=1)C(F)(F)F,Coordinates from ORCA-job sli_prashanth_inp/doublemontecarlogen3D56
OC(=O)CC1=CNC2=CC=C(F)C=C12,Coordinates from ORCA-job sli_prashanth_inp/doublemontecarlogen3D570
OC(=O)CC1=CNC2=CC=C(F)C=C12,Coordinates from ORCA-job raina_inp/doublemontecarlogen3D571
C1C=C2C(=CC=1F)C(=O)C(=O)N2,Coordinates from ORCA-job raina_inp/doublemontecarlogen3D572
OC(=O)C1=C(F)C(=O)NC(=O)N1,Coordinates from ORCA-job raina_inp/doublemontecarlogen3D573
C1=C(C(=O)NC(=O)N1)F,Coordinates from ORCA-job raina_inp/doublemontecarlogen3D574
C1=C(C(=O)NC(=O)N1)F,Coordinates from ORCA-job raina_inp/doublemontecarlogen3D575
C1=C(C(=O)NC(=O)N1)F,Coordinates from ORCA-job raina_inp/doublemontecarlogen3D576
COC1C=CC(OCC(F)(F)F)=C(C=1)C(=O)O,Coordinates from ORCA-job raina_inp/doublemontecarlogen3D577
C1/C/2=C(/C3=N/C(=C(/C4=CC=C(/C(=C/5\[NH]=C(/C(=C(\N2)/C=1)/C1C(F)=C(F)C(F)=C(F)C=1F)C=C5)/C1C(F)=C(F)C(F)=C(F)C=1F)[N]4)\C1C(F)=C(F)C(F)=C(F)C=1F)/C=C3)\C1C(F)=C(F)C(F)=C(F)C=1F,Coordinates from ORCA-job raina_inp/doublemontecarlogen3D578
C1CNC2C1=CC=C(C=2)C(F)(F)F,Coordinates from ORCA-job raina_inp/doublemontecarlogen3D579
C1=CC=C(C(=C1)CC(=O)O)C(=O)NC1=C(C=C(C=C1)F)F,Coordinates from ORCA-job sli_prashanth_inp/doublemontecarlogen3D57
C1C(=NC(=CN=1)N)C(F)(F)F,Coordinates from ORCA-job raina_inp/doublemontecarlogen3D580
CC1=C(C(=C(C=C1)Cl)O)F,Coordinates from ORCA-job raina_inp/doublemontecarlogen3D581
C1CC(=O)C2C1=CC=C(C=2)F,Coordinates from ORCA-job raina_inp/doublemontecarlogen3D582
N[C@@H](CC1=CNC2C=C(F)C=CC1=2)C(=O)O,Coordinates from ORCA-job raina_inp/doublemontecarlogen3D583
N[C@@H](CC1=CNC2=CC(F)=CC=C12)C(=O)O,Coordinates from ORCA-job raina_inp/doublemontecarlogen3D584
C1C=C2C(=CC=1F)NC=C2CC#N,Coordinates from ORCA-job raina_inp/doublemontecarlogen3D585
C1C=C(N=C(C=1)F)C#N,Coordinates from ORCA-job raina_inp/doublemontecarlogen3D586
C1=CC(=NC(=C1)F)C(=O)O,Coordinates from ORCA-job raina_inp/doublemontecarlogen3D587
C1C=C(C(=C(C=1)F)C(=O)O)O,Coordinates from ORCA-job raina_inp/doublemontecarlogen3D588
C1C=C(C(=C(C=1)F)C(=O)O)O,Coordinates from ORCA-job raina_inp/doublemontecarlogen3D589
C1=CC(=CC=C1C(C(F)(F)F)(C(F)(F)F)O)N,Coordinates from ORCA-job raina_inp/doublemontecarlogen3D58
C1C=C(C=C(C=1)C(F)(F)F)CN1C=C(C=CC1=O)C(=O)O,Coordinates from ORCA-job raina_inp/doublemontecarlogen3D590
C1CC(=O)C2C1=CC=C(C=2)C(F)(F)F,Coordinates from ORCA-job raina_inp/doublemontecarlogen3D591
C1C2=C(C=C(C=C2)C(F)(F)F)NC1=O,Coordinates from ORCA-job raina_inp/doublemontecarlogen3D592
C1CC2C(=CC(=CC=2)C(F)(F)F)NC1,Coordinates from ORCA-job raina_inp/doublemontecarlogen3D593
C1=CC2=C(C=C1N)OC(=O)C=C2C(F)(F)F,Coordinates from ORCA-job raina_inp/doublemontecarlogen3D594
OC(=O)C1=CC=CC=C1C(=O)C1=CC=C(F)C=C1,Coordinates from ORCA-job raina_inp/doublemontecarlogen3D59
[CH]1[CH][C]1.[CH2].[C].[C][NH2][C@@H]([CH2])CC(=O)O.[F].Cl,Coordinates from ORCA-job sli_prashanth_inp/doublemontecarlogen3D5
OC(=O)C1=CN(C2CC2)C2=CC(Cl)=C(F)C=C2C1=O,Coordinates from ORCA-job sli_testing_inp/doublemontecarlogen3D600
C1=CC2=C(C=C1O)OC(=O)C=C2C(F)(F)F,Coordinates from ORCA-job sli_testing_inp/doublemontecarlogen3D601
C1CC2=C(C=C(C=C2)C(F)(F)F)C(=O)C1,Coordinates from ORCA-job sli_testing_inp/doublemontecarlogen3D602
C[C@@H]1COC2=C(F)C(F)=CC3C(=O)C(=CN1C2=3)C(=O)O,Coordinates from ORCA-job sli_testing_inp/doublemontecarlogen3D603
C1=CC(=CC(=C1)O)C(F)(F)F,Coordinates from ORCA-job sli_testing_inp/doublemontecarlogen3D604
C1=CC(=CC(=C1)C(F)(F)F)C=O,Coordinates from ORCA-job sli_testing_inp/doublemontecarlogen3D605
C1=CC(=CC(=C1)C(F)(F)F)C(=O)O,Coordinates from ORCA-job sli_testing_inp/doublemontecarlogen3D606
C1C=C(C=C(C=1)N=C=O)C(F)(F)F,Coordinates from ORCA-job sli_testing_inp/doublemontecarlogen3D607
C1=CC=C(C(=C1)C(=O)O)C(F)(F)F,Coordinates from ORCA-job sli_testing_inp/doublemontecarlogen3D608
C1=CC=C(C(=C1)C(=O)O)C(F)(F)F,Coordinates from ORCA-job sli_testing_inp/doublemontecarlogen3D609
OC(=O)C1=CC=CC=C1C(=O)C1=CC=C(F)C=C1,Coordinates from ORCA-job sli_testing_inp/doublemontecarlogen3D60
C1=CC=C(C=C1)CS(=O)(=O)F,Coordinates from ORCA-job sli_testing_inp/doublemontecarlogen3D610
C[C@H]1CN(CCN1C1=NC(=O)N(C2N=C(C(=CC1=2)F)C1=C(C=CC=C1F)O)C1=C(C=CN=C1C(C)C)C)C(=O)C=C,Coordinates from ORCA-job sli_testing_inp/doublemontecarlogen3D611
C1=CC=C(C=C1)C[C@H]1NC2C(=CC(=C(C=2)C(F)(F)F)S(=O)(=O)N)S(=O)(=O)N1,Coordinates from ORCA-job sli_testing_inp/doublemontecarlogen3D612
C[C@H]1C[C@H]2[C@@H]3CCC4=CC(=O)C=C[C@@]4([C@]3([C@H](C[C@@]2([C@]1(C(=O)CO)O)C)O)F)C,Coordinates from ORCA-job sli_testing_inp/doublemontecarlogen3D613
C1C(=CC(=CC=1C(F)(F)F)N)C(F)(F)F,Coordinates from ORCA-job raina_inp/doublemontecarlogen3D615
CN(C)[P](N(C)C)(N(C)C)ON1C2C=CC=CC=2N=N1.F[P](F)(F)(F)(F)F,Coordinates from ORCA-job raina_inp/doublemontecarlogen3D618
C1=CC(=C(N=C1)OC1=CC=C(C=C1)F)C(=O)O,Coordinates from ORCA-job sli_testing_inp/doublemontecarlogen3D61
C1CC1N1C=C(C(=O)C2=CC(=C(C=C12)N1CCNCC1)F)C(=O)O,Coordinates from ORCA-job raina_inp/doublemontecarlogen3D623
C1CC1N1C=C(C(=O)C2=CC(=C(C=C12)N1CCNCC1)F)C(=O)O,Coordinates from ORCA-job raina_inp/doublemontecarlogen3D624
C1CC[C@H]([C@H](C1)C(=O)C1=CC=C(C=C1)F)C(=O)O,Coordinates from ORCA-job raina_inp/doublemontecarlogen3D625
C1CC[C@H]([C@H](C1)C(=O)C1=CC=C(C=C1)F)C(=O)O,Coordinates from ORCA-job raina_inp/doublemontecarlogen3D626
C1=CC=C(C(=C1)C(F)(F)F)N,Coordinates from ORCA-job sli_testing_inp/doublemontecarlogen3D70
C1=CC=C(C(=C1)C(F)(F)F)S(=O)(=O)N,Coordinates from ORCA-job sli_testing_inp/doublemontecarlogen3D71
C1=CC=C(C(=C1)C(F)(F)F)S(=O)(=O)Cl,Coordinates from ORCA-job sli_testing_inp/doublemontecarlogen3D72
C1=CC=C(C(=C1)C(F)(F)F)O,Coordinates from ORCA-job sli_testing_inp/doublemontecarlogen3D73
C1=CC=C(C(=C1)C=O)SC(F)(F)F,Coordinates from ORCA-job sli_testing_inp/doublemontecarlogen3D74
OC(=O)CC1=CN(CC2C=CC(F)=CC=2)C2=CC=CC=C12,Coordinates from ORCA-job sli_testing_inp/doublemontecarlogen3D75
OC(=O)C1=CSC(CC2=CC=CC(=C2)C(F)(F)F)=N1,Coordinates from ORCA-job sli_testing_inp/doublemontecarlogen3D76
OC(=O)C1=CSC(CC2C=CC=C(C=2)C(F)(F)F)=N1,Coordinates from ORCA-job sli_testing_inp/doublemontecarlogen3D77
OC(=O)C1=CSC(=N1)C1C=CC=C(C=1)C(F)(F)F,Coordinates from ORCA-job sli_testing_inp/doublemontecarlogen3D78
OC(=O)C1=CSC(=N1)C1C=CC=C(C=1)C(F)(F)F,Coordinates from ORCA-job sli_testing_inp/doublemontecarlogen3D79
C1=CC(=CC=C1OCC(=O)O)OC(F)(F)F,Coordinates from ORCA-job sli_testing_inp/doublemontecarlogen3D80
C1=CC(=NC=C1Cl)N(S(=O)(=O)C(F)(F)F)S(=O)(=O)C(F)(F)F,Coordinates from ORCA-job sli_testing_inp/doublemontecarlogen3D81
CC(C)[C@@H](NS(=O)(=O)C1C=CC(F)=CC=1)C(=O)O,Coordinates from ORCA-job sli_testing_inp/doublemontecarlogen3D82
C1C=C(C=C(C=1)C(F)(F)F)CC(=O)O,Coordinates from ORCA-job sli_testing_inp/doublemontecarlogen3D8
C1=C(NC(=NC1=O)N)C(F)(F)F,Coordinates from ORCA-job sli_testing_inp/doublemontecarlogen3D92
NC(=O)C1C=CC(=CC=1N)C(F)(F)F,Coordinates from ORCA-job sli_testing_inp/doublemontecarlogen3D93